Num_Three_Star_Reviews,Physical_address,Updated,Review_number,Rating_value,Description,Downloads,Num_Four_Star_Reviews,Num_Two_Star_Reviews,Num_One_Star_Reviews,Content_rating,Version,Num_Five_Star_Reviews,Price,Compatibility,Developer_badge,Genre,Reviews,Link,Author_link,Video_URL,Developer_ID,IAP,Item_name,Filesize,Author
,,,,,,,,,,,,,,,,,,//www.gstatic.com/android/market_images/web/favicon_v2.ico,,,,,,,
,,,,,,,,,,,,,,,,,,//www.gstatic.com/android/market_images/web/favicon_v2.ico,,,,,,,
,,,,,,,,,,,,,,,,,,//www.gstatic.com/android/market_images/web/favicon_v2.ico,,,,,,,
,,,,,,,,,,,,,,,,,,//www.gstatic.com/android/market_images/web/favicon_v2.ico,,,,,,,
,,,,,,,,,,,,,,,,,,//www.gstatic.com/android/market_images/web/favicon_v2.ico,,,,,,,
,,,,,,,,,,,,,,,,,,//www.gstatic.com/android/market_images/web/favicon_v2.ico,,,,,,,
,,,,,,,,,,,,,,,,,,//www.gstatic.com/android/market_images/web/favicon_v2.ico,,,,,,,
,,,,,,,,,,,,,,,,,,//www.gstatic.com/android/market_images/web/favicon_v2.ico,,,,,,,
,,,,,,,,,,,,,,,,,,//www.gstatic.com/android/market_images/web/favicon_v2.ico,,,,,,,
,,,,,,,,,,,,,,,,,,//www.gstatic.com/android/market_images/web/favicon_v2.ico,,,,,,,
,,,,,,,,,,,,,,,,,,//www.gstatic.com/android/market_images/web/favicon_v2.ico,,,,,,,
,,,,,,,,,,,,,,,,,,//www.gstatic.com/android/market_images/web/favicon_v2.ico,,,,,,,
,,,,,,,,,,,,,,,,,,//www.gstatic.com/android/market_images/web/favicon_v2.ico,https://www.google.com/url?q=https://www.kabam.com/&sa=D&usg=AFQjCNGZ2dZOqbfJcEMWGJnGr3Wb1G0FLA,https://www.youtube.com/embed/VC_ncFCLkhM?ps=play&vq=large&rel=0&autohide=1&showinfo=0&autoplay=1,,,,,
,,,,,,,,,,,,,,,,,,//www.gstatic.com/android/market_images/web/favicon_v2.ico,,,,,,,
,,,,,,,,,,,,,,,,,,//www.gstatic.com/android/market_images/web/favicon_v2.ico,,,,,,,
,,,,,,,,,,,,,,,,,,//www.gstatic.com/android/market_images/web/favicon_v2.ico,,,,,,,
"9,818","795 Folsom Street
Suite 600
San Francisco, CA 94107","December 1, 2017","236,980",4.6,,"  10,000,000 - 50,000,000  ","34,416","2,851","9,073",Everyone 10+, 4.1.1  ,"180,822",, 4.1.1  ,Editors' Choice,Action,,//www.gstatic.com/android/market_images/web/favicon_v2.ico,"https://www.google.com/url?q=http://www.transformersforgedtofight.com&sa=D&usg=AFQjCNFzghqCawVShlANlz0TJLAVTbPTbQ,mailto:contact@kabam.com,https://www.google.com/url?q=https://www.kabam.com/corporate/privacy-policy&sa=D&usg=AFQjCNHsHfglVeadFilbDIFDrDR1Yyd2Nw",https://www.youtube.com/embed/oS4eJtrSEI0?ps=play&vq=large&rel=0&autohide=1&showinfo=0&autoplay=1,/store/apps/dev?id=9199344989204994692,Offers in-app purchases,TRANSFORMERS: Forged to Fight,,Kabam
,,,,,,,,,,,,,,,,,,//www.gstatic.com/android/market_images/web/favicon_v2.ico,,,,,,,
"239,998","Unit 1309A, 13/F, Cable TV Tower, No. 9 Hoi Shing Road, Tsuen Wan, N.T., Hong Kong","December 4, 2017","7,583,142",4.7,,"  100,000,000 - 500,000,000  ","653,849","92,504","230,056",Everyone,,"6,366,735",,,Editors' Choice,Arcade,,//www.gstatic.com/android/market_images/web/favicon_v2.ico,"https://www.google.com/url?q=http://www.cmcm.com/&sa=D&usg=AFQjCNGJKcNpfRrN5Aq7vMQphSD7CQGozg,mailto:pianotiles@cmcm.com,https://www.google.com/url?q=http://www.cmcm.com/protocol/site/privacy.html&sa=D&usg=AFQjCNEapMFkkxDWMCLD_jX8zfM3e1Fhiw",https://www.youtube.com/embed/TTryAI7CI88?ps=play&vq=large&rel=0&autohide=1&showinfo=0&autoplay=1,/store/apps/developer?id=Cheetah+Games,Offers in-app purchases,Piano Tiles 2‚Ñ¢,,Cheetah Games
,,,,,,,,,,,,,,,,,,//www.gstatic.com/android/market_images/web/favicon_v2.ico,,,,,,,
"56,478","Lockwood Publishing Ltd
Antenna Media Centre
Beck Street
Nottingham
NG1 1EQ
United Kingdom","December 5, 2017","889,107",4.3,,"  10,000,000 - 50,000,000  ","88,023","25,265","86,374",Teen, 1.017.02  ,"632,967",, 1.017.02  ,,Role Playing,,//www.gstatic.com/android/market_images/web/favicon_v2.ico,"https://www.google.com/url?q=http://www.avakin.com/&sa=D&usg=AFQjCNH96RmjV9DPxis_qPQFYY7nKC4nqA,mailto:support@avakin.com,https://www.google.com/url?q=http://www.avakin.com/terms-of-service/%23PP&sa=D&usg=AFQjCNHj2Z-4IGddqR9N2KtBy90BUxZBcg",https://www.youtube.com/embed/My7MBDXcndU?ps=play&vq=large&rel=0&autohide=1&showinfo=0&autoplay=1,/store/apps/dev?id=6367016382542689978,Offers in-app purchases,Avakin Life - 3D virtual world,,Lockwood Publishing Ltd
,,,,,,,,,,,,,,,,,,//www.gstatic.com/android/market_images/web/favicon_v2.ico,,,,,,,
"93,573","28th Oktovriou, 232, Oceanic Building, office 501, 3035 Limassol, Cyprus","November 24, 2017","2,360,603",4.6,,"  10,000,000 - 50,000,000  ","292,640","32,532","101,962",Everyone 10+, 3.4.1  ,"1,839,896",, 3.4.1  ,Editors' Choice,Action,,//www.gstatic.com/android/market_images/web/favicon_v2.ico,"https://www.google.com/url?q=http://pixonic.com&sa=D&usg=AFQjCNEjRVsvXmhTTdcMHVQzyAWW_2T5xA,mailto:wwr_support@pixonic.com,https://www.google.com/url?q=http://common.pixonic.com/apps/privacy_policy.html&sa=D&usg=AFQjCNH3Quj-IXLTPw-0nQFvQxFk2VnRsw",https://www.youtube.com/embed/UNoyduTZLyI?ps=play&vq=large&rel=0&autohide=1&showinfo=0&autoplay=1,/store/apps/developer?id=PIXONIC,Offers in-app purchases,War Robots,,PIXONIC
,,,,,,,,,,,,,,,,,,//www.gstatic.com/android/market_images/web/favicon_v2.ico,https://www.google.com/url?q=http://lockwoodpublishing.com/&sa=D&usg=AFQjCNHQV9HkuCQlis6bFN1ucUKBFHCOJA,https://www.youtube.com/embed/My7MBDXcndU?ps=play&vq=large&rel=0&autohide=1&showinfo=0&autoplay=1,,,,,
,,,,,,,,,,,,,,,,,,//www.gstatic.com/android/market_images/web/favicon_v2.ico,https://www.google.com/url?q=http://www.digital-legends.com&sa=D&usg=AFQjCNFRGpXR1bmq2zfBMX1rSWR3NMr_kw,,,,,,
"41,964","King.com Limited
Aragon Business Centre, Level 4, Dragonara Road, St Julians STJ3140, Malta","December 5, 2017","1,440,684",4.7,,"  10,000,000 - 50,000,000  ","266,672","5,354","10,461",Everyone, 4.1.2  ,"1,116,233",, 4.1.2  ,Editors' Choice,Puzzle,,//www.gstatic.com/android/market_images/web/favicon_v2.ico,"https://www.google.com/url?q=http://bubblewitch3saga.com&sa=D&usg=AFQjCNEFueh4ZQBVqHyopkaMIMgaMZq8lw,mailto:bubblewitch3.techhelp@king.com,https://www.google.com/url?q=http://about.king.com/consumer-terms/terms/en%23privacy&sa=D&usg=AFQjCNGiMQEOqiOZ_q9OthwFGvbHvhd6gg",https://www.youtube.com/embed/-iMomF0Xefo?ps=play&vq=large&rel=0&autohide=1&showinfo=0&autoplay=1,/store/apps/dev?id=6577204690045492686,Offers in-app purchases,Bubble Witch 3 Saga,,King
,,,,,,,,,,,,,,,,,,//www.gstatic.com/android/market_images/web/favicon_v2.ico,https://www.google.com/url?q=https://www.ubisoft.com&sa=D&usg=AFQjCNFzyF0-eIqFdvNRFs_7RffMdNZ5kQ,https://www.youtube.com/embed/ptuOPCt2qHc?ps=play&vq=large&rel=0&autohide=1&showinfo=0&autoplay=1,,,,,
"302,310","UBISOFT MOBILE GAMES
38-42 rue Cuvier
93100 Montreuil Sous Bois
FRANCE","December 5, 2017","5,595,162",4.5,,"  100,000,000 - 500,000,000  ","671,651","136,133","299,566",Teen, 5.4.0  ,"4,185,502",, 5.4.0  ,Editors' Choice,Arcade,,//www.gstatic.com/android/market_images/web/favicon_v2.ico,"https://www.google.com/url?q=https://www.ubisoft.com/en-gb/game/hungry-shark-evolution/&sa=D&usg=AFQjCNECPlFjZ56V5bDX2EY0VmBLIuT2Sw,mailto:support@fgol.co.uk,https://www.google.com/url?q=http://r-mob.ubi.com/?a%3DPrivacyPolicyUS&sa=D&usg=AFQjCNG0eawha49HA0sC0tt-qcBUNHwXwQ",https://www.youtube.com/embed/gGNTlzMa6mM?ps=play&vq=large&rel=0&autohide=1&showinfo=0&autoplay=1,/store/apps/dev?id=4647998716943242763,Offers in-app purchases,Hungry Shark Evolution,,Ubisoft Entertainment
,,,,,,,,,,,,,,,,,,//www.gstatic.com/android/market_images/web/favicon_v2.ico,,,,,,,
,,,,,,,,,,,,,,,,,,//www.gstatic.com/android/market_images/web/favicon_v2.ico,https://www.google.com/url?q=http://www.supercell.com&sa=D&usg=AFQjCNEg3VnImYLBS4Bu91fl_n-9CndaSQ,,,,,,
"315,859","Itamerenkatu 11-13
00180 Helsinki
Finland","October 16, 2017","5,363,748",4.5,,"  50,000,000 - 100,000,000  ","886,756","115,381","246,677",Everyone 10+, 32.87  ,"3,799,075",, 32.87  ,,Strategy,,//www.gstatic.com/android/market_images/web/favicon_v2.ico,"https://www.google.com/url?q=http://supercell.helpshift.com/a/boom-beach/?p%3Dandroid&sa=D&usg=AFQjCNGku-GfoOMLeH01X4WkmVlQDg_JpA,mailto:gp-info@supercell.com,https://www.google.com/url?q=http://www.supercell.net/privacy-policy&sa=D&usg=AFQjCNEAjZj4x83934HEpW6kYWlTeWHmgg",https://www.youtube.com/embed/5SrmzELUpYo?ps=play&vq=large&rel=0&autohide=1&showinfo=0&autoplay=1,/store/apps/dev?id=6715068722362591614,Offers in-app purchases,Boom Beach,,Supercell
,,,,,,,,,,,,,,,,,,//www.gstatic.com/android/market_images/web/favicon_v2.ico,https://www.google.com/url?q=http://www.flaregames.com&sa=D&usg=AFQjCNEBD19wvinaS4yQa-8uLUfwnC7Elw,,,,,,
"114,505","2225 E. Bayshore Rd.
Suite 200
Palo Alto, CA 94303","November 20, 2017","1,503,092",3.9,,"  50,000,000 - 100,000,000  ","163,342","60,468","277,959",Everyone 10+,,"886,818",,,,Strategy,,//www.gstatic.com/android/market_images/web/favicon_v2.ico,"https://www.google.com/url?q=http://www.machinezone.com&sa=D&usg=AFQjCNHFX2w3wBwLMflPw4GNo01aVuXfRA,mailto:support@machinezone.com,https://www.google.com/url?q=http://www.gameofwarapp.com/privacypolicy.html&sa=D&usg=AFQjCNGlRXvUI12B8JsMchRWCut8t8WUIw",https://www.youtube.com/embed/HxNolTPW980?ps=play&vq=large&rel=0&autohide=1&showinfo=0&autoplay=1,"/store/apps/developer?id=Machine+Zone,+Inc.",Offers in-app purchases,Game of War - Fire Age,,"Machine Zone, Inc."
"59,798","Geneva, Switzerland","November 21, 2017","1,322,700",4.5,,"  10,000,000 - 50,000,000  ","253,430","16,690","44,675",Everyone 10+, 0.10.279290  ,"948,107",, 0.10.279290  ,Editors' Choice,Role Playing,,//www.gstatic.com/android/market_images/web/favicon_v2.ico,"https://www.google.com/url?q=http://www.starwarsgalaxyofheroes.com&sa=D&usg=AFQjCNG6s2r2Q_NC4IP2OieGXlrJgoMfxw,mailto:help@eamobile.com,https://www.google.com/url?q=http://privacy.ea.com/en&sa=D&usg=AFQjCNFAH3dzXJq62z5VrJ29GTVfZLVn_A",https://www.youtube.com/embed/y5_NnXBcneE?ps=play&vq=large&rel=0&autohide=1&showinfo=0&autoplay=1,/store/apps/dev?id=6605125519975771237,Offers in-app purchases,Star Wars‚Ñ¢: Galaxy of Heroes,,ELECTRONIC ARTS
"1,611,605","Itamerenkatu 11-13
00180 Helsinki
Finland","November 8, 2017","41,166,582",4.6,,"  100,000,000 - 500,000,000  ","4,242,110","669,610","1,788,875",Everyone 10+, 9.256.19  ,"32,854,382",, 9.256.19  ,Editors' Choice,Strategy,"Instal BENZEARN App to Earn Free Cash,Instal BENZEARN App to Earn Free Cash",//www.gstatic.com/android/market_images/web/favicon_v2.ico,"https://www.google.com/url?q=http://supercell.helpshift.com/a/clash-of-clans/&sa=D&usg=AFQjCNFcI_matDwefmbD0Azk46RfAf9Hag,mailto:gp-info@supercell.com,https://www.google.com/url?q=http://www.supercell.net/privacy-policy&sa=D&usg=AFQjCNEAjZj4x83934HEpW6kYWlTeWHmgg",,/store/apps/dev?id=6715068722362591614,Offers in-app purchases,Clash of Clans,,Supercell
,,,,,,,,,,,,,,,,,,//www.gstatic.com/android/market_images/web/favicon_v2.ico,https://www.google.com/url?q=https://wargaming.com/&sa=D&usg=AFQjCNGJ9EeYui-CZYdqiCyEvwwJCWhHuA,https://www.youtube.com/embed/8rA_8d_HQrY?ps=play&vq=large&rel=0&autohide=1&showinfo=0&autoplay=1,,,,,
"34,137","Erbprinzenstra√üe 27,
76133 Karlsruhe","November 30, 2017","662,215",4.5,,"  10,000,000 - 50,000,000  ","95,378","13,496","30,232",Everyone 10+, 3.8.0  ,"488,972",, 3.8.0  ,,Action,Very good game,//www.gstatic.com/android/market_images/web/favicon_v2.ico,"https://www.google.com/url?q=http://royalrevolt.com/&sa=D&usg=AFQjCNEUc_-RnLfbHMmN2iQO6mTIL3PXCw,mailto:support@flaregames.com,https://www.google.com/url?q=http://flaregames.com/privacy-policy/&sa=D&usg=AFQjCNH4Bw8A1KaUKP1PDODlOEdA2sr1nw",,/store/apps/dev?id=5492388613392482470,Offers in-app purchases,Royal Revolt 2,,flaregames
"95,055","WARGAMING¬† Group Limited
Incorporated in Cyprus , HE 290868, VAT CY¬†10290868U, TIC12290868W
105, Agion Omologiton Avenue 1080 Nicosia CYPRUS","November 8, 2017","1,873,678",4.3,,"  50,000,000 - 100,000,000  ","200,512","52,772","188,679",Teen, 4.4.0.452  ,"1,336,660",, 4.4.0.452  ,,Action,,//www.gstatic.com/android/market_images/web/favicon_v2.ico,"https://www.google.com/url?q=http://wotblitz.com&sa=D&usg=AFQjCNEnZgT23q1y4eT2PBbXj_6zsgco9A,mailto:blitz_android_support@wargaming.net,https://www.google.com/url?q=http://wotblitz.com/en/content/docs/privacy_policy/&sa=D&usg=AFQjCNGhLWTJqQbJiK1OJtrPYMmx401Tkw",https://www.youtube.com/embed/8rA_8d_HQrY?ps=play&vq=large&rel=0&autohide=1&showinfo=0&autoplay=1,/store/apps/dev?id=7063148299497943432,Offers in-app purchases,World of Tanks Blitz,,Wargaming Group
"5,751","209 Redwood Shores Parkway
Redwood City
California
94065
USA","October 12, 2017","87,660",4.2,,"  1,000,000 - 5,000,000  ","8,215","3,659","9,412",Teen, 2.6.2  ,"60,623",, 2.6.2  ,,Action,,//www.gstatic.com/android/market_images/web/favicon_v2.ico,"https://www.google.com/url?q=https://chillingosupport.zendesk.com/&sa=D&usg=AFQjCNGIobevjnbt2eM5iCrCqryNkG4TrQ,mailto:help@eamobile.com,https://www.google.com/url?q=http://privacy.ea.com/en&sa=D&usg=AFQjCNFAH3dzXJq62z5VrJ29GTVfZLVn_A",https://www.youtube.com/embed/IEWT5I7WAj4?ps=play&vq=large&rel=0&autohide=1&showinfo=0&autoplay=1,/store/apps/developer?id=Chillingo,Offers in-app purchases,Iron Force,,Chillingo
"11,173","UBISOFT MOBILE GAMES
38-42 rue Cuvier
93100 Montreuil Sous Bois
FRANCE","December 15, 2016","147,515",4.4,,"  1,000,000 - 5,000,000  ","31,030","3,064","7,114",Everyone 10+, 1.19.2  ,"95,134",, 1.19.2  ,,Adventure,"Games good, but clearly has issues",//www.gstatic.com/android/market_images/web/favicon_v2.ico,"https://www.google.com/url?q=http://ubi.com&sa=D&usg=AFQjCNGiTsGNN66BEvfeW8SLJeakvyTR6w,mailto:android.support@ubisoft.com,https://www.google.com/url?q=http://ubimobile.com/termsofuse/index.html&sa=D&usg=AFQjCNEIHVpdbf4Gral25FqbsPfCiWZY3w",https://www.youtube.com/embed/VfvrONo5vsE?ps=play&vq=large&rel=0&autohide=1&showinfo=0&autoplay=1,/store/apps/dev?id=4647998716943242763,Offers in-app purchases,Sandstorm: Pirate Wars,,Ubisoft Entertainment
,,,,,,,,,,,,,,,,,,//www.gstatic.com/android/market_images/web/favicon_v2.ico,,,,,,,
,,,,,,,,,,,,,,,,,,//www.gstatic.com/android/market_images/web/favicon_v2.ico,,,,,,,
,,,,,,,,,,,,,,,,,,//www.gstatic.com/android/market_images/web/favicon_v2.ico,,,,,,,
,,,,,,,,,,,,,,,,,,//www.gstatic.com/android/market_images/web/favicon_v2.ico,https://www.google.com/url?q=http://corp.joycity.com/Main.do&sa=D&usg=AFQjCNG4BFJjEeZTY5S4Ff6F4LD7l6VqXg,https://www.youtube.com/embed/SKDQMGIXbiI?ps=play&vq=large&rel=0&autohide=1&showinfo=0&autoplay=1,,,,,
"69,585","UBISOFT MOBILE GAMES
38-42 rue Cuvier
93100 Montreuil Sous Bois
FRANCE","May 29, 2017","731,938",4.2,,"  10,000,000 - 50,000,000  ","121,482","35,859","62,130",Teen, 2.60.3  ,"442,882",, 2.60.3  ,,Puzzle,,//www.gstatic.com/android/market_images/web/favicon_v2.ico,"https://www.google.com/url?q=https://www.ubisoft.com/en-gb/game/csi-hidden-crimes/&sa=D&usg=AFQjCNGSr0zZ6ia5iteM_xdYKL6bdQdEYw,mailto:android.support@ubisoft.com,https://www.google.com/url?q=http://ubimobile.com/termsofuse/index.html&sa=D&usg=AFQjCNEIHVpdbf4Gral25FqbsPfCiWZY3w",https://www.youtube.com/embed/yN6i8v954x4?ps=play&vq=large&rel=0&autohide=1&showinfo=0&autoplay=1,/store/apps/dev?id=4647998716943242763,Offers in-app purchases,CSI: Hidden Crimes,,Ubisoft Entertainment
"7,008",Êù±‰∫¨ÈÉΩÊ∏ãË∞∑Âå∫ÊÅµÊØîÂØø4-20-3 ÊÅµÊØîÂØø„Ç¨„Éº„Éá„É≥„Éó„É¨„Ç§„Çπ„Çø„ÉØ„Éº11Èöé,"March 19, 2015","84,697",4.1,,"  1,000,000 - 5,000,000  ","10,619","3,982","9,212",Everyone 10+, 1.5.1  ,"53,876",, 1.5.1  ,,Action,"Needs major changes.,It's so awesome,Too Hard,Ah... The good old game.,It's time taking an addictive and it is also to to play,Needs major changes.,It's so awesome,Too Hard,Ah... The good old game.,It's time taking an addictive and it is also to to play,WWWWWWWWWOOOOOOOOOOOOOOOOOOWWWWWWWWWW,Dont know if it is online,Pretty mediocre.,I liked it but one bug and I'll rate 5 stars.,Take out coins,Best App Ever!!!,Gosh darn it so hard!!,Its Good,Worst game ever,Would give it 5 but,This could entertain me for hours!,Wont give me my coins!!!,Stuck on 59th boss,Its a good game i am 10 years old my cousin is also very thrilled so we like it         Great!!!Game!!,Stupid ads,Multiplayer,Stupidest game ever,Excellent!,Coins,Needs 1 more thing,Good,I love it because...,Its fun but,Meh...,Love this game,Nice, but a problem.,It was ok,Omg this is amazing,AWESOME GAME DEVELOPERS!",//www.gstatic.com/android/market_images/web/favicon_v2.ico,"https://www.google.com/url?q=http://colopl.co.jp/&sa=D&usg=AFQjCNEc4Sawy64ktwB0PXQzrTDQ_2X3mQ,mailto:kuma@colopl.jp,https://www.google.com/url?q=http://colopl.co.jp/app/privacypolicy/&sa=D&usg=AFQjCNGFYrjg0psbfoGl-pI97f96oJGQVg",,"/store/apps/developer?id=COLOPL,+Inc.",Offers in-app purchases,Battle Robots!,,"COLOPL, Inc."
,,,,,,,,,,,,,,,,,,//www.gstatic.com/android/market_images/web/favicon_v2.ico,,,,,,,
"153,454","Í≤ΩÍ∏∞ÎèÑ ÏÑ±ÎÇ®Ïãú Î∂ÑÎãπÍµ¨ Î∂ÑÎãπÎ°ú 55 Î∂ÑÎãπÌçºÏä§Ìä∏ÌÉÄÏõå 11Ï∏µ 463-824 (Ï£º) Ï°∞Ïù¥ÏãúÌã∞
ÏÇ¨ÏóÖÏûêÎì±Î°ùÎ≤àÌò∏ 116-81-54101
ÌÜµÏã†ÌåêÎß§ÏóÖÏã†Í≥† Í≤ΩÍ∏∞ÏÑ±ÎÇ® 2007-129
ÎåÄÌëúÏ†ÑÌôî 031-789-6500","November 27, 2017","2,056,092",4.3,,"  50,000,000 - 100,000,000  ","331,868","71,619","140,552",Teen, 2.5.82  ,"1,358,599",, 2.5.82  ,,Action,,//www.gstatic.com/android/market_images/web/favicon_v2.ico,"https://www.google.com/url?q=https://corp.joycity.com/html/en/intro.html&sa=D&usg=AFQjCNHhYdXLanocVYnYRbvx5Va0Ojyuqw,mailto:gsbsupport@joycity.com,https://www.google.com/url?q=http://policy.joycity.com/en&sa=D&usg=AFQjCNG_LupsbxIL_J71fp3w40YI0KVANg",,/store/apps/dev?id=8017603995115202893,Offers in-app purchases,GUNSHIP BATTLE: Helicopter 3D,,JOYCITY Corp.
"11,121","UBISOFT MOBILE GAMES
38-42 rue Cuvier
93100 Montreuil Sous Bois
FRANCE","October 11, 2017","123,465",4.4,,"  1,000,000 - 5,000,000  ","26,012","2,607","5,630",Teen, 1.6.0  ,"78,095",, 1.6.0  ,,Simulation,,//www.gstatic.com/android/market_images/web/favicon_v2.ico,"https://www.google.com/url?q=https://www.ubisoft.com/en-gb/game/city-of-love-paris/&sa=D&usg=AFQjCNEvL9K6gRwQAsPIMmlGPFvsvamHqQ,mailto:android.support@ubisoft.com,https://www.google.com/url?q=http://ubimobile.com/termsofuse/index.html&sa=D&usg=AFQjCNEIHVpdbf4Gral25FqbsPfCiWZY3w",,/store/apps/dev?id=4647998716943242763,Offers in-app purchases,City of Love: Paris,,Ubisoft Entertainment
131,,"May 25, 2017","1,751",4.3,,"  500,000 - 1,000,000  ",148,35,159,Everyone, 1.0  ,"1,278",, 1.0  ,,"Action,Action & Adventure",,//www.gstatic.com/android/market_images/web/favicon_v2.ico,"mailto:ramzansh111@yahoo.com,https://www.google.com/url?q=https://www.facebook.com/notes/fantastic-action-games/privacy-policy/1337603992998684/&sa=D&usg=AFQjCNHBYD8wLKSfkp-I4x6fgnD1yrAA5w",,/store/apps/dev?id=8512667409063377145,,Real Robot War Steel,,Fantastic Action Games
"516,011","Itamerenkatu 11-13
00180 Helsinki
Finland","October 16, 2017","9,381,500",4.5,,"  100,000,000 - 500,000,000  ","1,216,782","240,757","503,446",Everyone, 1_36_212  ,"6,904,504",, 1_36_212  ,Editors' Choice,Casual,"Best farm game ever!,Great game",//www.gstatic.com/android/market_images/web/favicon_v2.ico,"https://www.google.com/url?q=http://support.supercell.com/hc/en-us/categories/7112-Hay-Day&sa=D&usg=AFQjCNHoMQaQd9CyxqWYTE6m_y7qExV0Kg,mailto:gp-info@supercell.com,https://www.google.com/url?q=http://www.supercell.net/privacy-policy/&sa=D&usg=AFQjCNE162UdtDT8ylD_gazuKA46Tekurw",https://www.youtube.com/embed/mSev84nF1HA?ps=play&vq=large&rel=0&autohide=1&showinfo=0&autoplay=1,/store/apps/dev?id=6715068722362591614,Offers in-app purchases,Hay Day,,Supercell
"39,061","UBISOFT MOBILE GAMES
38-42 rue Cuvier
93100 Montreuil Sous Bois
FRANCE","November 29, 2017","647,201",4.2,,"  10,000,000 - 50,000,000  ","50,308","20,193","85,611",Teen, 2.71  ,"452,028",, 2.71  ,,Adventure,A little out of control,//www.gstatic.com/android/market_images/web/favicon_v2.ico,"https://www.google.com/url?q=http://www.growtopiagame.com&sa=D&usg=AFQjCNHcCgI_XwfBhqaezJ0eBrUl8VgQ8Q,mailto:support@growtopiagame.com,https://www.google.com/url?q=https://legal.ubi.com/privacypolicy/&sa=D&usg=AFQjCNERO2MmVAMy1NrRlkUKfJUDBUJ2Bw",https://www.youtube.com/embed/trrsIm7jjlM?ps=play&vq=large&rel=0&autohide=1&showinfo=0&autoplay=1,/store/apps/dev?id=4647998716943242763,Offers in-app purchases,Growtopia,,Ubisoft Entertainment
"2,312","UBISOFT MOBILE GAMES
38-42 rue Cuvier
93100 Montreuil Sous Bois
FRANCE","December 4, 2017","37,941",4.2,,"  5,000,000 - 10,000,000  ","3,281",996,"5,189",Everyone,,"26,163",,,,Action,,//www.gstatic.com/android/market_images/web/favicon_v2.ico,"https://www.google.com/url?q=http://ubi.com&sa=D&usg=AFQjCNGiTsGNN66BEvfeW8SLJeakvyTR6w,mailto:android.support@ubisoft.com,https://www.google.com/url?q=http://ubimobile.com/termsofuse/index.html&sa=D&usg=AFQjCNEIHVpdbf4Gral25FqbsPfCiWZY3w",https://www.youtube.com/embed/8wPoiUihDFI?ps=play&vq=large&rel=0&autohide=1&showinfo=0&autoplay=1,/store/apps/dev?id=4647998716943242763,Offers in-app purchases,Rabbids Crazy Rush,,Ubisoft Entertainment
"7,570","UBISOFT MOBILE GAMES
38-42 rue Cuvier
93100 Montreuil Sous Bois
FRANCE","October 20, 2017","75,547",4.1,,"  1,000,000 - 5,000,000  ","13,270","3,329","8,043",Everyone, 5.0.2  ,"43,335",, 5.0.2  ,,Entertainment,,//www.gstatic.com/android/market_images/web/favicon_v2.ico,"https://www.google.com/url?q=http://uplay.com/&sa=D&usg=AFQjCNEqL0-AATJRIQlj7XaocfKx-8x2mg,mailto:android.support@ubisoft.com,https://www.google.com/url?q=http://redirection.ubi.com/ubicom_privacypolicy&sa=D&usg=AFQjCNFfNnQRDTVyzZLyPEj938tOXrZACg",,/store/apps/dev?id=4647998716943242763,,Ubisoft Club,,Ubisoft Entertainment
,,,,,,,,,,,,,,,,,,//www.gstatic.com/android/market_images/web/favicon_v2.ico,https://www.google.com/url?q=https://www.mobilelegends.com&sa=D&usg=AFQjCNH-gCGkTknLNEMhuACmTkwZQk3-yg,https://www.youtube.com/embed/CwSLNdCZXeU?ps=play&vq=large&rel=0&autohide=1&showinfo=0&autoplay=1,,,,,
"253,852","UNIT 17, 9/F, TOWER A, NEW MADARIN PLAZA, No. 14 SCIENCE MUSEUM RD, TST, KL","November 28, 2017","4,743,469",4.4,,"  50,000,000 - 100,000,000  ","506,252","108,521","355,901",Teen, 1.2.35.2235  ,"3,518,943",, 1.2.35.2235  ,,Action,This game needs innovation,//www.gstatic.com/android/market_images/web/favicon_v2.ico,"https://www.google.com/url?q=https://forum.mobilelegends.com/forum.php?mod%3Dforumdisplay%26fid%3D47&sa=D&usg=AFQjCNFEqtfzPac3tyEwJAweQJbkrgIKsA,mailto:MobileLegendsGame@gmail.com,https://www.google.com/url?q=https://www.mobilelegends.com/posts/newsdetail-188&sa=D&usg=AFQjCNHQB1Jk7Hgo_Igu0r2tSD_BWJ9DOQ",https://www.youtube.com/embed/CwSLNdCZXeU?ps=play&vq=large&rel=0&autohide=1&showinfo=0&autoplay=1,/store/apps/dev?id=8532907581042995001,Offers in-app purchases,Mobile Legends: Bang Bang,,Moonton
"771,772","Itamerenkatu 11-13
00180 Helsinki
Finland","November 3, 2017","19,503,450",4.5,,"  100,000,000 - 500,000,000  ","2,052,737","257,133","1,109,030",Everyone 10+, 2.0.7  ,"15,312,778",, 2.0.7  ,Editors' Choice,Strategy,,//www.gstatic.com/android/market_images/web/favicon_v2.ico,"https://www.google.com/url?q=http://supercell.helpshift.com/a/clash-royale/&sa=D&usg=AFQjCNEcjDY02MgHR333A8cRg06Wix3jsA,mailto:gp-info@supercell.com,https://www.google.com/url?q=http://www.supercell.net/privacy-policy&sa=D&usg=AFQjCNEAjZj4x83934HEpW6kYWlTeWHmgg",https://www.youtube.com/embed/tNLvTCfsdjA?ps=play&vq=large&rel=0&autohide=1&showinfo=0&autoplay=1,/store/apps/dev?id=6715068722362591614,Offers in-app purchases,Clash Royale,,Supercell
,,,,,,,,,,,,,,,,,,//www.gstatic.com/android/market_images/web/favicon_v2.ico,,,,,,,
"156,340","UNIT 04,7/F,BRIGHT WAY TOWER,NO. 33 MONG KOK ROAD,KOWLOON,HONG KONG","December 6, 2017","2,189,020",4.2,,"  50,000,000 - 100,000,000  ","294,256","72,031","236,258",Teen, 3.13.0  ,"1,430,135",, 3.13.0  ,,Strategy,Nice Game,//www.gstatic.com/android/market_images/web/favicon_v2.ico,"https://www.google.com/url?q=http://cok.elex.com/en/&sa=D&usg=AFQjCNGdAW2OLvMNQKtpAg-qe44ae80RAw,mailto:cok@elex.com,https://www.google.com/url?q=http://www.elex-tech.com/Index/privacy&sa=D&usg=AFQjCNEj9DNQykKw1Z5ZibwZ2X1hNG5ReQ",https://www.youtube.com/embed/L6pm0EBpgZs?ps=play&vq=large&rel=0&autohide=1&showinfo=0&autoplay=1,/store/apps/developer?id=Elex+Wireless,Offers in-app purchases,Clash of Kings ‚Äì CoK,,Elex Wireless
"8,359","Erbprinzenstra√üe 27,
76133 Karlsruhe","July 11, 2013","118,456",4.3,,"  1,000,000 - 5,000,000  ","16,556","3,881","8,370",Teen, 1.6.1  ,"81,290",, 1.6.1  ,,Action,"Meh....,Dota,Great game however,Nice game but.....,Thumbs up!,Outstanding game, flawless execution,Meh....,Dota,Great game however,Nice game but.....,Thumbs up!,Outstanding game, flawless execution,Switched phone got screwed,Warning ! Addicted!!!,Data erases,Really Good,Nothing to day But Excellent,Can't play,Great Game!!!,Royal screwed,Still needs some work...,It was fun...,Gold problem,Its perfect not any problem,Great fun, great graphics!,Better than Royal Revolt 2,Doesn't work,Great graphics, heavy on power ups,Please notice...,Better then royal revolt 2,Absolute FUN,Great Game all round!,It is fun at first, but...,Needs balancing,Awesome Game ! But ...,Nexus 7 2013,ridiculous,Doesnt even open.,Need More Type of Troops.,Nice,Fun game but....,Taking family fights to another level...,Great game,O M F G",//www.gstatic.com/android/market_images/web/favicon_v2.ico,"https://www.google.com/url?q=http://www.flaregames.com&sa=D&usg=AFQjCNEBD19wvinaS4yQa-8uLUfwnC7Elw,mailto:support@flaregames.com,https://www.google.com/url?q=http://flaregames.com/privacy-policy&sa=D&usg=AFQjCNESNDNfknVB7IwdvC2qDFd6PE2k0Q",https://www.youtube.com/embed/u4Q8IR1igJU?ps=play&vq=large&rel=0&autohide=1&showinfo=0&autoplay=1,/store/apps/dev?id=5492388613392482470,Offers in-app purchases,Royal Revolt!,,flaregames
"228,120","Geneva, Switzerland","November 20, 2017","3,614,606",4.4,,"  100,000,000 - 500,000,000  ","459,466","100,123","219,540",Everyone 10+, 2.0.10  ,"2,607,357",, 2.0.10  ,Editors' Choice,Strategy,"Great Game,Great Game",//www.gstatic.com/android/market_images/web/favicon_v2.ico,"https://www.google.com/url?q=http://support.popcap.com/mobile/android&sa=D&usg=AFQjCNFoNuikbO707Pzc0XI60M3m1w-Xtw,mailto:help@eamobile.com,https://www.google.com/url?q=http://privacy.ea.com/en&sa=D&usg=AFQjCNFAH3dzXJq62z5VrJ29GTVfZLVn_A",,/store/apps/dev?id=6605125519975771237,Offers in-app purchases,Plants vs. Zombies FREE,,ELECTRONIC ARTS
,,,,,,,,,,,,,,,,,,//www.gstatic.com/android/market_images/web/favicon_v2.ico,https://www.google.com/url?q=http://plarium.com&sa=D&usg=AFQjCNEqZqkxhy-IA6JcrcQV87xH2nvF3Q,https://www.youtube.com/embed/cR2Rv-A9hkA?ps=play&vq=large&rel=0&autohide=1&showinfo=0&autoplay=1,,,,,
"15,694","Hamanofim ,1
Hertzliya, Israel, 46725","November 23, 2017","268,528",4.4,,"  10,000,000 - 50,000,000  ","47,475","6,791","18,119",Everyone 10+,,"180,449",,,,Strategy,,//www.gstatic.com/android/market_images/web/favicon_v2.ico,"https://www.google.com/url?q=http://www.plarium.com&sa=D&usg=AFQjCNGENxoJlH0frZKyLW02DwGV89_lqw,mailto:kayako@plarium.com,https://www.google.com/url?q=http://plarium.com/%23/doc/policy/&sa=D&usg=AFQjCNEvWiLyRz9az1g4Ksl_dcd3qB9m7w",https://www.youtube.com/embed/cR2Rv-A9hkA?ps=play&vq=large&rel=0&autohide=1&showinfo=0&autoplay=1,/store/apps/dev?id=5766366711041032164,Offers in-app purchases,Stormfall: Rise of Balur,,Plarium Global Ltd
"90,258","315 Alexandra Road #04-03
Sime Darby Business Centre
Singapore 159944","November 30, 2017","1,808,810",4.5,,"  50,000,000 - 100,000,000  ","220,648","24,767","120,249",Teen,,"1,352,888",,,Editors' Choice,Strategy,,//www.gstatic.com/android/market_images/web/favicon_v2.ico,"https://www.google.com/url?q=http://www.igg.com&sa=D&usg=AFQjCNGA_jJUpjGciPZaK5kifhX1LrHEVQ,mailto:help.lordsmobile.android@igg.com,https://www.google.com/url?q=http://igg.com/about/privacy_policy.php&sa=D&usg=AFQjCNEK7UweGx-_zigPnaG0vD2-Xq8L9A",https://www.youtube.com/embed/gsk-ubnrLok?ps=play&vq=large&rel=0&autohide=1&showinfo=0&autoplay=1,/store/apps/developer?id=IGG.COM,Offers in-app purchases,Lords Mobile,,IGG.COM
"13,047","Unit A, 2/F, St. John‚Äôs Building, 33 Garden Road, Central | Hong Kong","December 6, 2017","305,773",4.6,,"  5,000,000 - 10,000,000  ","34,662","3,738","16,182",Teen,,"238,144",,,Editors' Choice,Strategy,,//www.gstatic.com/android/market_images/web/favicon_v2.ico,"https://www.google.com/url?q=http://castlecrushgame.com/&sa=D&usg=AFQjCNGTq4S0l9kg1uayUYczquqSAN0Bpg,mailto:support+castlecrush@fungames-forfree.com,https://www.google.com/url?q=https://www.fungames-forfree.com/games/castlecrush/legal/privacy&sa=D&usg=AFQjCNH0fZgoxMkbid16Ehx8fO-A1ZtZ_Q",https://www.youtube.com/embed/xHZa0LPzFYU?ps=play&vq=large&rel=0&autohide=1&showinfo=0&autoplay=1,/store/apps/dev?id=8186084684070471579,Offers in-app purchases,Castle Crush: Free Strategy Card Games,,Fun Games For Free
,,,,,,,,,,,,,,,,,,//www.gstatic.com/android/market_images/web/favicon_v2.ico,,,,,,,
,,,,,,,,,,,,,,,,,,//www.gstatic.com/android/market_images/web/favicon_v2.ico,,,,,,,
,,,,,,,,,,,,,,,,,,//www.gstatic.com/android/market_images/web/favicon_v2.ico,,,,,,,
,,,,,,,,,,,,,,,,,,//www.gstatic.com/android/market_images/web/favicon_v2.ico,,,,,,,
"33,177","3 Themistokli Dervi Street, Julia House, Nicosia, 1066 Cyprus","December 6, 2017","654,676",4.5,,"  10,000,000 - 50,000,000  ","61,383","14,136","46,444",Teen, 6.7.3  ,"499,536",, 6.7.3  ,,Simulation,,//www.gstatic.com/android/market_images/web/favicon_v2.ico,"https://www.google.com/url?q=http://d-games.org/&sa=D&usg=AFQjCNHoZC3_qTYFCV07J-7HiK7IqGZ4dg,mailto:dgames.apps@gmail.com,https://www.google.com/url?q=http://d-games.org/privacy-policy.html&sa=D&usg=AFQjCNFqRYeNv5yGxHuS3MjpaITfo4kaEQ",,/store/apps/developer?id=D-Games+Apps,Offers in-app purchases,Block City Wars + skins export,,D-Games Apps
"1,757",Russia,"December 9, 2017","60,096",4.6,,"  5,000,000 - 10,000,000  ","5,029",560,"2,904",Everyone, 0.2.0  ,"49,846",, 0.2.0  ,,"Entertainment,Creativity",,//www.gstatic.com/android/market_images/web/favicon_v2.ico,"https://www.google.com/url?q=http://sandbox.love&sa=D&usg=AFQjCNHt7U4r1tljBSUc6dIJDhqhtDss2Q,mailto:alexey@grigorkin.com,https://www.google.com/url?q=http://grigorkin.com/pub/privacy.html&sa=D&usg=AFQjCNFk2sMxYtZ_6eI40pLE19-BSCBtyQ",,/store/apps/developer?id=Alexey+Grigorkin,Offers in-app purchases,Sandbox - Color by Number Coloring Pages,,Alexey Grigorkin
"725,018","One Ferry Building, Suite 200
San Francisco, CA 94111","December 7, 2017","9,761,557",4.1,,"  100,000,000 - 500,000,000  ","1,170,348","368,678","1,316,718",Everyone, 0.85.2  ,"6,180,795",, 0.85.2  ,Editors' Choice,Adventure,,//www.gstatic.com/android/market_images/web/favicon_v2.ico,"https://www.google.com/url?q=http://pokemongo.nianticlabs.com&sa=D&usg=AFQjCNEn3pLqQDMHTWy876j_kpXhVx9NyQ,mailto:pokemon-go-support@nianticlabs.com,https://www.google.com/url?q=https://nianticlabs.com/privacy/pokemongo/en&sa=D&usg=AFQjCNHffXy50Sql6CQ3_EPz20qO7fiOTg",https://www.youtube.com/embed/bvSe6pMvUjM?ps=play&vq=large&rel=0&autohide=1&showinfo=0&autoplay=1,"/store/apps/developer?id=Niantic,+Inc.",Offers in-app purchases,Pok√©mon GO,,"Niantic, Inc."
"41,535","5145 Douglas Fir Rd
Calabasas, CA 91302","August 1, 2016","632,818",4.1,,"  10,000,000 - 50,000,000  ","60,693","23,041","92,556",Teen, 1.2.12785  ,"414,993",, 1.2.12785  ,,Adventure,"Ios vs Ps4,Ios vs Ps4,AMAZING!,Android google app store has 2 Copies,AWESOME,Nice game!,I love this game but...,I got scammed,Completely awesome!,Wioo,Ok So here's my problem,I love the game but losing coins,It has great pixiel graphics,Oh god... There goes my favorite game... *sigh*,Well made",//www.gstatic.com/android/market_images/web/favicon_v2.ico,"https://www.google.com/url?q=http://www.505games.com&sa=D&usg=AFQjCNEoS-tZo7w7iguRNgAJZ_T0DxX_MA,mailto:help@505games.com,https://www.google.com/url?q=http://505games.com/privacy&sa=D&usg=AFQjCNHKHborBVqah2ab1v-LKDEG0ECJug",,/store/apps/developer?id=505+Games+Srl,Offers in-app purchases,Terraria,,505 Games Srl
"8,742","ROAD TOWN, TORTOLA, BRITISH VIRGIN ISLANDS","August 6, 2017","139,577",4.3,,"  10,000,000 - 50,000,000  ","12,924","3,816","14,682",Everyone 10+, 1.0.5  ,"99,413",, 1.0.5  ,,Action,"I like it,  just one problem.,I like it,  just one problem.,It needs work,Amazing can you just add villeges where there is farmers and worriers and libarens,Great",//www.gstatic.com/android/market_images/web/favicon_v2.ico,"mailto:contact@canadadroid.com,https://www.google.com/url?q=http://www.canadadroid.com/policy.htm&sa=D&usg=AFQjCNGfjAn9I8lzWXGNMfJWnZHII6E4cw",,/store/apps/developer?id=CanadaDroid,Offers in-app purchases,Exploration Lite Craft,,CanadaDroid
"39,061","UBISOFT MOBILE GAMES
38-42 rue Cuvier
93100 Montreuil Sous Bois
FRANCE","November 29, 2017","647,201",4.2,,"  10,000,000 - 50,000,000  ","50,308","20,193","85,611",Teen, 2.71  ,"452,028",, 2.71  ,,Adventure,A little out of control,//www.gstatic.com/android/market_images/web/favicon_v2.ico,"https://www.google.com/url?q=http://www.growtopiagame.com&sa=D&usg=AFQjCNHcCgI_XwfBhqaezJ0eBrUl8VgQ8Q,mailto:support@growtopiagame.com,https://www.google.com/url?q=https://legal.ubi.com/privacypolicy/&sa=D&usg=AFQjCNERO2MmVAMy1NrRlkUKfJUDBUJ2Bw",https://www.youtube.com/embed/trrsIm7jjlM?ps=play&vq=large&rel=0&autohide=1&showinfo=0&autoplay=1,/store/apps/dev?id=4647998716943242763,Offers in-app purchases,Growtopia,,Ubisoft Entertainment
"39,061","UBISOFT MOBILE GAMES
38-42 rue Cuvier
93100 Montreuil Sous Bois
FRANCE","November 29, 2017","647,201",4.2,,"  10,000,000 - 50,000,000  ","50,308","20,193","85,611",Teen, 2.71  ,"452,028",, 2.71  ,,Adventure,A little out of control,//www.gstatic.com/android/market_images/web/favicon_v2.ico,"https://www.google.com/url?q=http://www.growtopiagame.com&sa=D&usg=AFQjCNHcCgI_XwfBhqaezJ0eBrUl8VgQ8Q,mailto:support@growtopiagame.com,https://www.google.com/url?q=https://legal.ubi.com/privacypolicy/&sa=D&usg=AFQjCNERO2MmVAMy1NrRlkUKfJUDBUJ2Bw",https://www.youtube.com/embed/trrsIm7jjlM?ps=play&vq=large&rel=0&autohide=1&showinfo=0&autoplay=1,/store/apps/dev?id=4647998716943242763,Offers in-app purchases,Growtopia,,Ubisoft Entertainment
"39,061","UBISOFT MOBILE GAMES
38-42 rue Cuvier
93100 Montreuil Sous Bois
FRANCE","November 29, 2017","647,201",4.2,,"  10,000,000 - 50,000,000  ","50,308","20,193","85,611",Teen, 2.71  ,"452,028",, 2.71  ,,Adventure,A little out of control,//www.gstatic.com/android/market_images/web/favicon_v2.ico,"https://www.google.com/url?q=http://www.growtopiagame.com&sa=D&usg=AFQjCNHcCgI_XwfBhqaezJ0eBrUl8VgQ8Q,mailto:support@growtopiagame.com,https://www.google.com/url?q=https://legal.ubi.com/privacypolicy/&sa=D&usg=AFQjCNERO2MmVAMy1NrRlkUKfJUDBUJ2Bw",https://www.youtube.com/embed/trrsIm7jjlM?ps=play&vq=large&rel=0&autohide=1&showinfo=0&autoplay=1,/store/apps/dev?id=4647998716943242763,Offers in-app purchases,Growtopia,,Ubisoft Entertainment
"48,468","4000 Civic Center Drive
Suite 400
San Rafael, CA 94903","November 17, 2017","843,660",4.3,,"  10,000,000 - 50,000,000  ","66,889","21,254","88,240",Everyone 10+,,"618,809",,,,"Adventure,Action & Adventure","what the heck? (Positively) X),what the heck? (Positively) X),How old this is and bugs as soon as its installed,Great graphics and story,My favorite Story Game!,Very Dissapointed,Best game I have ever played!,""Everything is Awesome!!!"",Love it!,Good story,It's the best game I've ever played!,Mine craft story mode review,üòâcoolest game Eva!üòâ,I DID love it,Can I get a refund for a level that I can't play?,Good but..,Good graphic and good gameplay, but..,You gotta try it!,NOOOOOOOOOOO in a good and bad way",//www.gstatic.com/android/market_images/web/favicon_v2.ico,"https://www.google.com/url?q=https://www.telltalegames.com/minecraftstorymode/&sa=D&usg=AFQjCNFczWZq7-lya4eA4AXQ1bFgE1YcLw,mailto:support@telltale.com,https://www.google.com/url?q=https://telltale.com/privacy-policy/&sa=D&usg=AFQjCNEgcqAFnnoIzWcet-SUgaPJbLI4hQ",,/store/apps/dev?id=7011602286991914118,Offers in-app purchases,Minecraft: Story Mode,,Telltale Games
"39,061","UBISOFT MOBILE GAMES
38-42 rue Cuvier
93100 Montreuil Sous Bois
FRANCE","November 29, 2017","647,201",4.2,,"  10,000,000 - 50,000,000  ","50,308","20,193","85,611",Teen, 2.71  ,"452,028",, 2.71  ,,Adventure,A little out of control,//www.gstatic.com/android/market_images/web/favicon_v2.ico,"https://www.google.com/url?q=http://www.growtopiagame.com&sa=D&usg=AFQjCNHcCgI_XwfBhqaezJ0eBrUl8VgQ8Q,mailto:support@growtopiagame.com,https://www.google.com/url?q=https://legal.ubi.com/privacypolicy/&sa=D&usg=AFQjCNERO2MmVAMy1NrRlkUKfJUDBUJ2Bw",https://www.youtube.com/embed/trrsIm7jjlM?ps=play&vq=large&rel=0&autohide=1&showinfo=0&autoplay=1,/store/apps/dev?id=4647998716943242763,Offers in-app purchases,Growtopia,,Ubisoft Entertainment
"39,061","UBISOFT MOBILE GAMES
38-42 rue Cuvier
93100 Montreuil Sous Bois
FRANCE","November 29, 2017","647,201",4.2,,"  10,000,000 - 50,000,000  ","50,308","20,193","85,611",Teen, 2.71  ,"452,028",, 2.71  ,,Adventure,A little out of control,//www.gstatic.com/android/market_images/web/favicon_v2.ico,"https://www.google.com/url?q=http://www.growtopiagame.com&sa=D&usg=AFQjCNHcCgI_XwfBhqaezJ0eBrUl8VgQ8Q,mailto:support@growtopiagame.com,https://www.google.com/url?q=https://legal.ubi.com/privacypolicy/&sa=D&usg=AFQjCNERO2MmVAMy1NrRlkUKfJUDBUJ2Bw",https://www.youtube.com/embed/trrsIm7jjlM?ps=play&vq=large&rel=0&autohide=1&showinfo=0&autoplay=1,/store/apps/dev?id=4647998716943242763,Offers in-app purchases,Growtopia,,Ubisoft Entertainment
"39,061","UBISOFT MOBILE GAMES
38-42 rue Cuvier
93100 Montreuil Sous Bois
FRANCE","November 29, 2017","647,201",4.2,,"  10,000,000 - 50,000,000  ","50,308","20,193","85,611",Teen, 2.71  ,"452,028",, 2.71  ,,Adventure,A little out of control,//www.gstatic.com/android/market_images/web/favicon_v2.ico,"https://www.google.com/url?q=http://www.growtopiagame.com&sa=D&usg=AFQjCNHcCgI_XwfBhqaezJ0eBrUl8VgQ8Q,mailto:support@growtopiagame.com,https://www.google.com/url?q=https://legal.ubi.com/privacypolicy/&sa=D&usg=AFQjCNERO2MmVAMy1NrRlkUKfJUDBUJ2Bw",https://www.youtube.com/embed/trrsIm7jjlM?ps=play&vq=large&rel=0&autohide=1&showinfo=0&autoplay=1,/store/apps/dev?id=4647998716943242763,Offers in-app purchases,Growtopia,,Ubisoft Entertainment
,,,,,,,,,,,,,,,,,,//www.gstatic.com/android/market_images/web/favicon_v2.ico,,,,,,,
,,,,,,,,,,,,,,,,,,//www.gstatic.com/android/market_images/web/favicon_v2.ico,,,,,,,
"51,826",raw.studios82@gmail.com,"December 2, 2017","903,061",4.6,,"  5,000,000 - 10,000,000  ","168,728","5,149","8,894",Everyone, 1.2.13  ,"668,464",, 1.2.13  ,,Strategy,,//www.gstatic.com/android/market_images/web/favicon_v2.ico,"mailto:raw.studios82@gmail.com,https://www.google.com/url?q=https://newadventuregames.wixsite.com/privacypolicy&sa=D&usg=AFQjCNH3nC8WeIAOFUIu-u3u6uVyn6Qkjw",,/store/apps/dev?id=6738272163199307082,Offers in-app purchases,Grow Empire: Rome,,Games Station
"7,109","315 Alexandra Road #04-03
Sime Darby Business Centre
Singapore 159944","August 31, 2016","220,655",4.6,,"  5,000,000 - 10,000,000  ","11,507","3,703","11,024",Everyone 10+, 1.1.46  ,"187,312",, 1.1.46  ,,Strategy,"Great Game!,Editedüëç rated to 1,Played this when it first came out...,Great Game!,Editedüëç rated to 1,Played this when it first came out...,Updates, come on.,THESE LIL GUY'S & GAL'S ARE COOL!!!,VIP purchase is broken.  Tech support can't fix it.,Game is good and easy, but force closes on it's own.,Love the game, hate what IGG did to it,Get this game,So fun,Veeery nice!!,GAMERS BEWARE!!!! IGG HAVE NO IDEA WHAT THEY ARE DOING,Why I like gods rush,Kinda disappointed,Frustrating,Poor mantainance!,Bad support,It's cool,play store mistake,5* rating gets you 200 gems,support is useless,Dead Game,Great game",//www.gstatic.com/android/market_images/web/favicon_v2.ico,"https://www.google.com/url?q=http://www.igg.com&sa=D&usg=AFQjCNGA_jJUpjGciPZaK5kifhX1LrHEVQ,mailto:help.gods.android@igg.com,https://www.google.com/url?q=http://igg.com/about/privacy_policy.php&sa=D&usg=AFQjCNEK7UweGx-_zigPnaG0vD2-Xq8L9A",https://www.youtube.com/embed/7Iyvk0bCEJY?ps=play&vq=large&rel=0&autohide=1&showinfo=0&autoplay=1,/store/apps/developer?id=IGG.COM,Offers in-app purchases,Gods Rush,,IGG.COM
"1,502","315 Alexandra Road #04-03
Sime Darby Business Centre
Singapore 159944","July 10, 2017","28,206",4.5,,"  500,000 - 1,000,000  ","3,779",567,"1,458",Teen, 1.8.1  ,"20,900",, 1.8.1  ,,Casino,,//www.gstatic.com/android/market_images/web/favicon_v2.ico,"https://www.google.com/url?q=http://www.igg.com&sa=D&usg=AFQjCNGA_jJUpjGciPZaK5kifhX1LrHEVQ,mailto:Help.poker.android@igg.com,https://www.google.com/url?q=http://igg.com/about/privacy_policy.php&sa=D&usg=AFQjCNEK7UweGx-_zigPnaG0vD2-Xq8L9A",,/store/apps/developer?id=IGG.COM,Offers in-app purchases,Texas HoldEm Poker Deluxe Pro,,IGG.COM
"8,970","315 Alexandra Road #04-03
Sime Darby Business Centre
Singapore 159944","September 26, 2017","266,972",4.6,,"  10,000,000 - 50,000,000  ","17,407","4,151","15,213",Teen, 1.7.4  ,"221,231",, 1.7.4  ,,Casino,"Excellent,The best of the best",//www.gstatic.com/android/market_images/web/favicon_v2.ico,"https://www.google.com/url?q=http://www.igg.com&sa=D&usg=AFQjCNGA_jJUpjGciPZaK5kifhX1LrHEVQ,mailto:help.slots.android@igg.com,https://www.google.com/url?q=http://igg.com/about/privacy_policy.php&sa=D&usg=AFQjCNEK7UweGx-_zigPnaG0vD2-Xq8L9A",https://www.youtube.com/embed/mu_V8E3-idk?ps=play&vq=large&rel=0&autohide=1&showinfo=0&autoplay=1,/store/apps/developer?id=IGG.COM,Offers in-app purchases,Slot Machines by IGG,,IGG.COM
"1,204","315 Alexandra Road #04-03
Sime Darby Business Centre
Singapore 159944","September 29, 2015","32,426",4.6,,"  1,000,000 - 5,000,000  ","2,469",507,"1,843",Everyone, 3.8  ,"26,403",, 3.8  ,,Casual,"Can't play,Won't Load,Now won't even load.,Can't play,Won't Load,Now won't even load.,Fix your bloody game,DO NOT BUY ANYTHING!,Riddled with bugs, much of the game taken away.,Heartbreaking,Change Ratings,Awful,What Used To Be,Collect and Win Issues,Wont work,Doesn't work,Still don't get it! My monsters don't activate skills during PvP?,Is this even an IGG game!?,My advice:,Black screen simulator,It has a little issue,DOESN'T WORK,Super simple to learn but.....,Game is on big fix,Keeps on saying connection problems",//www.gstatic.com/android/market_images/web/favicon_v2.ico,"https://www.google.com/url?q=http://www.igg.com&sa=D&usg=AFQjCNGA_jJUpjGciPZaK5kifhX1LrHEVQ,mailto:Help.heroes.android@igg.com,https://www.google.com/url?q=http://igg.com/about/privacy_policy.php&sa=D&usg=AFQjCNEK7UweGx-_zigPnaG0vD2-Xq8L9A",,/store/apps/developer?id=IGG.COM,Offers in-app purchases,Heroes & Monsters,,IGG.COM
515,"315 Alexandra Road #04-03
Sime Darby Business Centre
Singapore 159944","December 10, 2017","14,779",4.6,,"  500,000 - 1,000,000  ","1,006",156,844,Teen,,"12,258",,,,Strategy,,//www.gstatic.com/android/market_images/web/favicon_v2.ico,"https://www.google.com/url?q=http://www.igg.com&sa=D&usg=AFQjCNGA_jJUpjGciPZaK5kifhX1LrHEVQ,mailto:help.lordsonline.android.tw@igg.com,https://www.google.com/url?q=http://igg.com/about/privacy_policy.php&sa=D&usg=AFQjCNEK7UweGx-_zigPnaG0vD2-Xq8L9A",https://www.youtube.com/embed/_gcikASa6l0?ps=play&vq=large&rel=0&autohide=1&showinfo=0&autoplay=1,/store/apps/developer?id=IGG.COM,Offers in-app purchases,ÁéãÂúãÂæÅÊà∞,,IGG.COM
"4,518","315 Alexandra Road #04-03
Sime Darby Business Centre
Singapore 159944","November 27, 2017","130,956",4.6,,"  1,000,000 - 5,000,000  ","7,691","2,233","6,795",Everyone 10+, 1.0.157  ,"109,719",, 1.0.157  ,,Strategy,"This game is awsome,This game is awsome",//www.gstatic.com/android/market_images/web/favicon_v2.ico,"https://www.google.com/url?q=http://www.igg.com&sa=D&usg=AFQjCNGA_jJUpjGciPZaK5kifhX1LrHEVQ,mailto:help.lords.android.fr@igg.com,https://www.google.com/url?q=http://www.igg.com/about/privacy_policy.php&sa=D&usg=AFQjCNFMjZWX7qNDTR32Ok-KCzR_yOXOuw",,/store/apps/developer?id=IGG.COM,Offers in-app purchases,Clash of Lords 2: Clash Divin,,IGG.COM
"3,685","Unit A, 2/F, St. John‚Äôs Building, 33 Garden Road, Central | Hong Kong","June 14, 2013","53,308",4.3,,"  1,000,000 - 5,000,000  ","6,410","1,930","4,180",Everyone, 1.2  ,"37,103",, 1.2  ,,Racing,"Awesome game!!!,Great Game,Nice Game,I hgbdvscxafv vnbgw zqbtjtjgwntjmhrngntbqrbxs vs jjjjjjhjjjdbnwfc Scarva the UK. I have been a while. I have been a while, so you don't even 30 Edinburgh w,Boring,Nice Game, but...,Awesome game!!!,Great Game,Nice Game,I hgbdvscxafv vnbgw zqbtjtjgwntjmhrngntbqrbxs vs jjjjjjhjjjdbnwfc Scarva the UK. I have been a while. I have been a while, so you don't even 30 Edinburgh w,Boring,Nice Game, but...,Colorful panties,1 of 5 stars,Beaten all 3 Bosses,Decent game if discounts weren't rigged...,This is funny,Stuck,Gear shifting stucks.,Fun, but inconsistent. Not many cars to choose from.,Potential for greatness,No 5 stars,Nice Game! More cars and tracks please!,Not bad,Crashing,This is my favorite game!,Fun game, hoping for more maps,Very nice, but‚Ä¶,Designed to make you pay,This game is really awsome,Short lived but loved it,Text problem...,Cheap Knockoff CSR,Love it!!!,Ok,Addicting game,Car turns black,Pretty solid,Crash on every race,Would rate better but...,5 stars, but...,This game is pretty good.,See through cars?",//www.gstatic.com/android/market_images/web/favicon_v2.ico,"https://www.google.com/url?q=http://www.fungames-forfree.com&sa=D&usg=AFQjCNERCDVd7YWVHcNWuwM_ZSMn9tmC8A,mailto:fungameslimited@gmail.com,https://www.google.com/url?q=http://www.fungames-forfree.com/privacy&sa=D&usg=AFQjCNHAAunS7U2Byo5NmoihyNzYcUtpOg",,/store/apps/dev?id=8186084684070471579,Offers in-app purchases,Car Race by Fun Games For Free,,Fun Games For Free
"8,461","Unit A, 2/F, St. John‚Äôs Building, 33 Garden Road, Central | Hong Kong","March 11, 2014","89,387",4.1,,"  1,000,000 - 5,000,000  ","13,436","4,843","8,541",Everyone, 1.1.7  ,"54,106",, 1.1.7  ,,Action,"Its good game,This one's a KEEPER!!!! :-),An addicting game,Nope.,Love it,Its good game,This one's a KEEPER!!!! :-),An addicting game,Nope.,Love it,Really fun,LEVELS!!!!!!!!,Fun,  but doesn't run good,Hate it!,Too easy,Animal Escape,Subway Surfer lovers would love to play it.. amazing to play with different animals.. but if you don't like SS better don't download. waiting for some more updates for this game.,Awsum game,Not working,Level 62?,Keeps crashing,Very bad,Doesn't work,Totally USELESS!!!!,IDK what the summery is or means,Awesome!!!,Ridiculous in app prices!,Too Many Adds,Awsome girl.,Animals escape,im just rating it for free updates :P,Great game but,Hilarious,Fun for everyone,Amazing,Great game but watch out for the kids running  up a bill,Greatest job!,I liked it but,Fun,Umm,Doesn' work,Its kinda good",//www.gstatic.com/android/market_images/web/favicon_v2.ico,"https://www.google.com/url?q=https://www.fungames-forfree.com/app?bundleId%3Dcom.fungames.animalescape%26name%3Danimalescape&sa=D&usg=AFQjCNFjHjqPiiFXw54SNSGNe71Fvkb70w,mailto:support+animalescape@fungames-forfree.com,https://www.google.com/url?q=https://www.fungames-forfree.com/app/legal/privacy?bundleId%3Dcom.fungames.animalescape%26name%3Danimalescape&sa=D&usg=AFQjCNEvfFNB6M3oCMrX92lW7GvniukiyQ",https://www.youtube.com/embed/TTIwpQHHfkc?ps=play&vq=large&rel=0&autohide=1&showinfo=0&autoplay=1,/store/apps/dev?id=8186084684070471579,Offers in-app purchases,Animal Escape Free - Fun Games,,Fun Games For Free
"1,288","ROAD TOWN, TORTOLA, BRITISH VIRGIN ISLANDS","January 29, 2015","13,056",3.9,,"  1,000,000 - 5,000,000  ","1,536",746,"1,926",Everyone, 1.0.3  ,"7,560",, 1.0.3  ,,Casual,"Liked it very much but....,Love it,Findmate jf fights eosjr eosjr r true ite y tr h tr f hehehe sharc tv rz jf 3rd 2x √Ω fa,Daily bonus,Nice,Brilliant game,Liked it very much but....,Love it,Findmate jf fights eosjr eosjr r true ite y tr h tr f hehehe sharc tv rz jf 3rd 2x √Ω fa,Daily bonus,Nice,Brilliant game,100 percent WOW I luv it,Awesome game,Its awesome &lt;3,Wow,Returioasfg ugh xvxncn giving dsgdg hn,Disliked it,Good Game,BORING! BORING!,Good enough,The game,Horrible,WOW,SUCH A GOOD GAME,Orders and rules,How lovely,Love,Sucks,Liked it,Fashion girl,Its ok,:/,Fashion girl,wow :D,Wow but,Perfect game,Dorthy,Awesome",//www.gstatic.com/android/market_images/web/favicon_v2.ico,"mailto:contact@canadadroid.com,https://www.google.com/url?q=http://www.canadadroid.com/policy.htm&sa=D&usg=AFQjCNGfjAn9I8lzWXGNMfJWnZHII6E4cw",,/store/apps/developer?id=CanadaDroid,Offers in-app purchases,Fashion Girls,,CanadaDroid
189,"ROAD TOWN, TORTOLA, BRITISH VIRGIN ISLANDS","February 22, 2016","2,323",3.0,,"  100,000 - 500,000  ",164,146,930,Everyone, 1.0.2  ,894,, 1.0.2  ,,Arcade,"Dont waste your time downloadin this game it sucks,Thinking,How come you cannot play with others,This game sucks,Dont waste your time downloadin this game it sucks,Thinking,How come you cannot play with others,This game sucks,Did not lyk it...,Waste of time don't download,Idk guys give me a chance besides,DONT DOWNLOAD IT!,Not a big fan of it,Hate,Play the game is boring,I THOUGHT IT WAS SINGING!!!!!,Single. it,Bad,It wouldn't let me go off,Let it go let it go let it go let it go let it go let it go,This is like draw something,Do not waste your time,This game sucks,Love it,E,Wow,You are a loser",//www.gstatic.com/android/market_images/web/favicon_v2.ico,"mailto:contact@canadadroid.com,https://www.google.com/url?q=http://www.canadadroid.com/policy.htm&sa=D&usg=AFQjCNGfjAn9I8lzWXGNMfJWnZHII6E4cw",,/store/apps/developer?id=CanadaDroid,Offers in-app purchases,Sing A Song,,CanadaDroid
"19,529","315 Alexandra Road #04-03
Sime Darby Business Centre
Singapore 159944","November 19, 2017","578,852",4.6,,"  5,000,000 - 10,000,000  ","37,551","7,866","29,991",Everyone 10+,   Varies with device  ,"483,915",,   Varies with device  ,,Strategy,"so,nice.,Actualizar,‡¶ö‡¶´‡¶∂‡¶´‡¶æ‡ßü‡¶ï‡ßç‡¶≤,Serial bueno",//www.gstatic.com/android/market_images/web/favicon_v2.ico,"https://www.google.com/url?q=http://www.igg.com&sa=D&usg=AFQjCNGA_jJUpjGciPZaK5kifhX1LrHEVQ,mailto:Help.castle.es@igg.com,https://www.google.com/url?q=http://igg.com/about/privacy_policy.php&sa=D&usg=AFQjCNEK7UweGx-_zigPnaG0vD2-Xq8L9A",https://www.youtube.com/embed/gQfdtKsKQy4?ps=play&vq=large&rel=0&autohide=1&showinfo=0&autoplay=1,/store/apps/developer?id=IGG.COM,Offers in-app purchases,Castle Clash: Escuadr√≥n Audaz,   Varies with device  ,IGG.COM
"3,949","315 Alexandra Road #04-03
Sime Darby Business Centre
Singapore 159944","November 29, 2017","67,086",4.5,,"  500,000 - 1,000,000  ","10,068",932,"3,077",Mature 17+, 2.0.2  ,"49,060",, 2.0.2  ,,Social,,//www.gstatic.com/android/market_images/web/favicon_v2.ico,"https://www.google.com/url?q=http://www.igg.com&sa=D&usg=AFQjCNGA_jJUpjGciPZaK5kifhX1LrHEVQ,mailto:help@wegamers.com,https://www.google.com/url?q=http://www.wegamers.com/rule/privacy_policy.php&sa=D&usg=AFQjCNF11PhrgZGyy9B1YNJjsp2co7MHZg",,/store/apps/developer?id=IGG.COM,Offers in-app purchases,WeGamers,,IGG.COM
"17,679","315 Alexandra Road #04-03
Sime Darby Business Centre
Singapore 159944","November 22, 2017","480,228",4.6,,"  5,000,000 - 10,000,000  ","31,418","8,380","23,889",Everyone 10+, 1.0.401  ,"398,862",, 1.0.401  ,,Strategy,,//www.gstatic.com/android/market_images/web/favicon_v2.ico,"https://www.google.com/url?q=http://www.igg.com&sa=D&usg=AFQjCNGA_jJUpjGciPZaK5kifhX1LrHEVQ,mailto:Help.lords@igg.com,https://www.google.com/url?q=http://www.igg.com/about/privacy_policy.php&sa=D&usg=AFQjCNFMjZWX7qNDTR32Ok-KCzR_yOXOuw",,/store/apps/developer?id=IGG.COM,Offers in-app purchases,Clash of Lords: Guild Brawl,,IGG.COM
"2,673","315 Alexandra Road #04-03
Sime Darby Business Centre
Singapore 159944","November 20, 2017","42,572",4.3,,"  1,000,000 - 5,000,000  ","4,863",913,"4,221",Teen, 1.1.153  ,"29,902",, 1.1.153  ,,Strategy,,//www.gstatic.com/android/market_images/web/favicon_v2.ico,"https://www.google.com/url?q=http://www.igg.com&sa=D&usg=AFQjCNGA_jJUpjGciPZaK5kifhX1LrHEVQ,mailto:help.kingdomsmobile.android@igg.com,https://www.google.com/url?q=http://igg.com/about/privacy_policy.php&sa=D&usg=AFQjCNEK7UweGx-_zigPnaG0vD2-Xq8L9A",,/store/apps/developer?id=IGG.COM,Offers in-app purchases,Kingdoms Mobile - Total Clash,,IGG.COM
"2,523","Unit A, 2/F, St. John‚Äôs Building, 33 Garden Road, Central | Hong Kong","March 28, 2016","36,824",4.4,,"  1,000,000 - 5,000,000  ","5,329",897,"2,425",Everyone, 1.0.4  ,"25,650",, 1.0.4  ,,Simulation,"Devildog,Fun game but...,Very cool flight simulator,Very good game,Horrible,Good indeed,Devildog,Fun game but...,Very cool flight simulator,Very good game,Horrible,Good indeed,Fun arcade-style time waster,Limited,Fun,Unhappy with game,It's Great,Could have been lots better,Another greed $$$,OK. Could be more exciting!,Rather pathetic,Boring and shitty,Unrealistic,Not real,Loading...problem !,Not bad but just okay,No,Good but one problem,It is best flight game but....,Awesome game,Its ok for a child.,It's not so good,If you love aviation then get this game!!!,FUN BUT,Good condition",//www.gstatic.com/android/market_images/web/favicon_v2.ico,"https://www.google.com/url?q=https://www.fungames-forfree.com/app?bundleId%3Dcom.fungames.landsimww%26name%3Dlandsimww&sa=D&usg=AFQjCNFi6IStPbEritt0-X_hP3_QU6x_Ug,mailto:support+flightalert@fungames-forfree.com,https://www.google.com/url?q=https://www.fungames-forfree.com/app/legal/privacy?bundleId%3Dcom.fungames.landsimww%26name%3Dlandsimww&sa=D&usg=AFQjCNERvbvT1giYX2gLxOSU48ldIDwXOQ",,/store/apps/dev?id=8186084684070471579,Offers in-app purchases,Flight Alert Simulator 3D Free,,Fun Games For Free
